Feature,Spearman_cefficient,P-value
covid_cases,0.2006140924417935,0.002137484168175018
covid_deaths,0.05551230951332195,0.40000042684371606
